Workbook

Sheet Tiers
A1: כלכלת בנייה לפי tier — מקרה גרוע (כל תקרת המודלים מנוצלת)
A2: מימוש: PR #59 @ f8006fe (CI ירוק). ערכים בכחול = קלט; שחור = נוסחה. עודכן 2026-10-19 09:0x.
A4: תוכנית | B4: class | C4: מחיר חודשי ($) | D4: קרדיטים לתוכנית | E4: קרדיטים לבנייה | F4: תקרת class ($) | G4: הכנסה לבנייה ($) | H4: פטור מרצפה? | I4: תקציב מודלים בפועל ($) | J4: מרווח במקרה הגרוע | K4: יעד מרווח | L4: עומד ביעד? | M4: בנייות בחודש | N4: מודלים מותרים (catalog נוכחי) | O4: קריאת codegen ראשונה ($) | P4: תקרה חודשית לספקים ($) | Q4: מס׳ מודלים
A5: Free | B5: LIGHT | C5: 0 | D5: 150 | E5: =INDEX(Assumptions!$B$6:$B$11,MATCH(B5,Assumptions!$A$6:$A$11,0)) -> 45 | F5: =INDEX(Assumptions!$C$6:$C$11,MATCH(B5,Assumptions!$A$6:$A$11,0)) -> 0.35 | G5: =IF(AND(ISNUMBER(C5),C5>0,D5>0),C5*E5/D5,"—") -> — | H5: כן | I5: =IF(H5="כן",F5,IF(ISNUMBER(G5),MAX(0,MIN(F5,G5*(1-Assumptions!$B$3))),0)) -> 0.35 | J5: =IF(ISNUMBER(G5),(G5-I5)/G5,"—") -> — | K5: — | L5: =IF(AND(ISNUMBER(J5),ISNUMBER(K5)),IF(J5>=K5,"✓","✗"),"—") -> — | M5: =IF(D5>0,INT(D5/E5),"ללא הגבלה") -> 3 | N5: gemini-3-1-flash-lite, openai-gpt-6-luna | O5: 0.004609 | P5: 1.05 | Q5: 2
A6: Amateur | B6: LIGHT | C6: 29 | D6: 1000 | E6: =INDEX(Assumptions!$B$6:$B$11,MATCH(B6,Assumptions!$A$6:$A$11,0)) -> 45 | F6: =INDEX(Assumptions!$C$6:$C$11,MATCH(B6,Assumptions!$A$6:$A$11,0)) -> 0.35 | G6: =IF(AND(ISNUMBER(C6),C6>0,D6>0),C6*E6/D6,"—") -> 1.305 | H6: לא | I6: =IF(H6="כן",F6,IF(ISNUMBER(G6),MAX(0,MIN(F6,G6*(1-Assumptions!$B$3))),0)) -> 0.35 | J6: =IF(ISNUMBER(G6),(G6-I6)/G6,"—") -> 0.73180077 | K6: 0.72 | L6: =IF(AND(ISNUMBER(J6),ISNUMBER(K6)),IF(J6>=K6,"✓","✗"),"—") -> ✓ | M6: =IF(D6>0,INT(D6/E6),"ללא הגבלה") -> 22 | N6: gemini-3-1-flash-lite, openai-gpt-6-luna | O6: 0.004609 | P6: 2.5 | Q6: 2
A7: Pro | B7: STANDARD | C7: 99 | D7: 4500 | E7: =INDEX(Assumptions!$B$6:$B$11,MATCH(B7,Assumptions!$A$6:$A$11,0)) -> 200 | F7: =INDEX(Assumptions!$C$6:$C$11,MATCH(B7,Assumptions!$A$6:$A$11,0)) -> 1.6 | G7: =IF(AND(ISNUMBER(C7),C7>0,D7>0),C7*E7/D7,"—") -> 4.4 | H7: לא | I7: =IF(H7="כן",F7,IF(ISNUMBER(G7),MAX(0,MIN(F7,G7*(1-Assumptions!$B$3))),0)) -> 1.6 | J7: =IF(ISNUMBER(G7),(G7-I7)/G7,"—") -> 0.63636364 | K7: 0.63 | L7: =IF(AND(ISNUMBER(J7),ISNUMBER(K7)),IF(J7>=K7,"✓","✗"),"—") -> ✓ | M7: =IF(D7>0,INT(D7/E7),"ללא הגבלה") -> 22 | N7: gemini-3-1-flash-lite, gemini-3-5-flash-lite, gemini-3-8-flash, openai-gpt-6-luna | O7: 0.0345675 | P7: 10 | Q7: 4
A8: Studio | B8: HEAVY | C8: 299 | D8: 10000 | E8: =INDEX(Assumptions!$B$6:$B$11,MATCH(B8,Assumptions!$A$6:$A$11,0)) -> 500 | F8: =INDEX(Assumptions!$C$6:$C$11,MATCH(B8,Assumptions!$A$6:$A$11,0)) -> 5.5 | G8: =IF(AND(ISNUMBER(C8),C8>0,D8>0),C8*E8/D8,"—") -> 14.95 | H8: לא | I8: =IF(H8="כן",F8,IF(ISNUMBER(G8),MAX(0,MIN(F8,G8*(1-Assumptions!$B$3))),0)) -> 5.5 | J8: =IF(ISNUMBER(G8),(G8-I8)/G8,"—") -> 0.63210702 | K8: 0.62 | L8: =IF(AND(ISNUMBER(J8),ISNUMBER(K8)),IF(J8>=K8,"✓","✗"),"—") -> ✓ | M8: =IF(D8>0,INT(D8/E8),"ללא הגבלה") -> 20 | N8: כל 6: + openai-gpt-6-1-sol, anthropic-claude-sonnet-5-5 | O8: 0.0345675 | P8: 25 | Q8: 6
A9: Enterprise | B9: EXTREME | C9: חוזה | D9: 0 | E9: =INDEX(Assumptions!$B$6:$B$11,MATCH(B9,Assumptions!$A$6:$A$11,0)) -> 1200 | F9: =INDEX(Assumptions!$C$6:$C$11,MATCH(B9,Assumptions!$A$6:$A$11,0)) -> 18 | G9: =IF(AND(ISNUMBER(C9),C9>0,D9>0),C9*E9/D9,"—") -> — | H9: כן | I9: =IF(H9="כן",F9,IF(ISNUMBER(G9),MAX(0,MIN(F9,G9*(1-Assumptions!$B$3))),0)) -> 18 | J9: =IF(ISNUMBER(G9),(G9-I9)/G9,"—") -> — | K9: — | L9: =IF(AND(ISNUMBER(J9),ISNUMBER(K9)),IF(J9>=K9,"✓","✗"),"—") -> — | M9: =IF(D9>0,INT(D9/E9),"ללא הגבלה") -> ללא הגבלה | N9: כל 6 המודלים | O9: 0.0345675 | P9: חוזה | Q9: 6
A11: הערות
A12: תקציב בפועל = מינימום(תקרת class, הכנסה לבנייה × (1 − רצפה)); Enterprise פטור → תקרה; ללא הכנסה → $0.
A13: ההבדל בעלות הקריאה הראשונה: ל-Pro/Studio יש מודל באיכות 85 (gemini-3.8-flash) שמועדף ל-codegen; ל-Amateur רק מודלים באיכות 70.
A14: Pro ו-Studio נבדלים גם ב-allowlist: Pro עד $5/1M output (4 מודלים), Studio ללא תקרה (6). טסט: test_pro_and_studio_get_different_allowlists.
A15: ב-worker: תקציב ה-class הוא הקובע; env נמוך יותר → WORKER_BUDGET_BELOW_CLASS (התרעה, לא חסימה). ה-secret עודכן ל-$18.
A16: מרווח כאן = מרווח משתנה לבנייה. לא כולל עמלות Stripe ועלויות קבועות.
A17: מקור: הכרעת CEO בצ'אט, 2026-10-19 02:05–02:16 (docs/DECISIONS_LOG.md, הכרעות 19–28)

Sheet Assumptions
A1: הנחות וקלטים (טקסט כחול = קלט שניתן לשנות)
A3: רצפת מרווח לבנייה | B3: 0.6 | C3: קוד: investor_app._m5_build_economics_quote — אסור להוריד (הכרעה 26)
A5: class | B5: קרדיטים לבנייה | C5: תקרת תקציב מודלים לבנייה ($) | D5: מחיר output מקסימלי למודל ($/1M) | E5: משתנה env
A6: ZERO | B6: 20 | C6: 0.05 | D6: 0 | E6: OMNI_BUILD_LLM_CAP_ZERO_USD
A7: LIGHT | B7: 45 | C7: 0.35 | D7: 1.5 | E7: OMNI_BUILD_LLM_CAP_LIGHT_USD
A8: STANDARD | B8: 200 | C8: 1.6 | D8: 5 | E8: OMNI_BUILD_LLM_CAP_STANDARD_USD
A9: ADVANCED | B9: 300 | C9: 3 | D9: 8 | E9: OMNI_BUILD_LLM_CAP_ADVANCED_USD
A10: HEAVY | B10: 500 | C10: 5.5 | D10: ללא תקרה | E10: OMNI_BUILD_LLM_CAP_HEAVY_USD
A11: EXTREME | B11: 1200 | C11: 18 | D11: ללא תקרה | E11: OMNI_BUILD_LLM_CAP_EXTREME_USD
A13: מקור: הכרעת CEO בצ'אט, 2026-10-19 02:05–02:16 (docs/DECISIONS_LOG.md, הכרעות 19–28)
A14: ספי allowlist (מחיר output מקסימלי למודל): הכרעת CEO 2026-10-19 02:22 — LIGHT ≤ $1.50 · STANDARD ≤ $5 · ADVANCED ≤ $8 · HEAVY/EXTREME ללא תקרה.
A15: soft cap: בנייה לא נדחית בגלל התקרה; חריגה נרשמת, ומעל פי 2 — התרעה LLM_SPEND_ALERT בלוג.

Sheet Open items
A1: # | B1: נושא | C1: מה קורה היום | D1: מה נדרש | E1: מי
A2: 1 | B2: Free — תקציב מודלים | C2: נפתר: Free פטור מהרצפה, תקרת LIGHT $0.35, $1.05 לחודש (הכרעה 29) | D2: — | E2: —
A3: 2 | B3: תקציב ה-worker | C3: נפתר בקוד: bind_budget — תקציב ה-class קובע (הכרעה 30); ה-secret עודכן ל-$18 | D3: ייכנס לתוקף רק אחרי deploy-worker (שורה 7) | E3: —
A4: 3 | B4: Pro ו-Studio זהים ב-allowlist | C4: נפתר: STANDARD ≤ $5 → Pro 4 מודלים, Studio 6 (הכרעה 31) | D4: — | E4: —
A5: 4 | B5: approvals ישנים | C5: ה-budget fingerprint כולל את קרדיטי ה-class | D5: לקוח עם approval מלפני הפריסה יתבקש לאשר מחדש | E5: —
A6: 5 | B6: staging worker = DB של Production | C6: db-identity (run 39207340501): host ep-floral-bread-b1weu1th-pooler, neondb — אותו Neon endpoint כמו Production | D6: להחליט: להפריד DB ל-staging, או לקבל שה-worker כותב ל-Production | E6: CEO
A7: 6 | B7: db_fingerprint לא מזהה את אותו DB | C7: pooler מול חיבור ישיר נותנים fingerprint שונה (d2eb0b8c775f מול 5fabb3bf756d) | D7: לנרמל את ה-host (להסיר -pooler) ב-schema_manifest.db_fingerprint | E7: omni_prod
A8: 7 | B8: deploy-worker חסום | C8: pre-staging מכיר מיגרציות עד 037, ה-DB ב-041 → migrate נכשל אחרי drain; אין input accept_newer בענף | D8: לבחור: deploy מ-main / להעביר accept-newer ל-pre-staging / restart בלבד | E8: CEO
A9: 9 | B9: תקרה חודשית לספקים מגבילה לפני הקרדיטים | C9: במקרה הגרוע (כל בנייה מנצלת את תקרת ה-class): Amateur ⌊2.50/0.35⌋=7, Pro ⌊10/1.60⌋=6, Studio ⌊25/5.50⌋=4 בנייות בחודש — מול 22/22/20 לפי קרדיטים. אחרי settle נספרת רק העלות בפועל, כך שבשימוש רגיל המספר גבוה יותר | D9: להחליט על תקרות חודשיות (paid_provider_budget_usd) שתואמות לקרדיטים, למשל 22×0.35≈$7.7 · 22×1.60≈$35 · 20×5.50=$110 — ולבדוק מול המרווח | E9: CEO
A10: 8 | B10: .env חסר על ה-host של ה-worker | C10: לא קיים בתיקיית ה-compose; ה-stack רץ מה-env של הקונטיינר | D10: restart ידני ייכשל עד deploy חדש | E10: —
